benno = benno <benno@opendap.org>
brent = brent <brent@opendap.org>
carlw = carlw <carlw@opendap.org>
caron = caron <caron@opendap.org>
ccancellieri = ccancellieri <ccancellieri@opendap.org>
chambj2 = chambj2 <chambj2@opendap.org>
christian = christian <christian@opendap.org>
cjm = cjm <cjm@opendap.org>
crawl = crawl <crawl@opendap.org>
cvs = cvs <cvs@opendap.org>
cvsadm = cvsadm <cvsadm@opendap.org>
dan = Dan Holloway <dholloway@opendap.org>
dbarseghian = dbarseghian <dbarseghian@opendap.org>
dbyrne = dbyrne <dbyrne@opendap.org>
dmh = dmh <dmh@ucar.edu>
edavis = edavis <edavis@opendap.org>
ethan = ethan <ethan@opendap.org>
george = george <george@opendap.org>
haibo = haibo <haibo@opendap.org>
hyoklee = hyoklee <hyoklee@opendap.org>
jchamber = jchamber <jchamber@opendap.org>
jdcorral = jdcorral <jdcorral@opendap.org>
jehamby = jehamby <jehamby@opendap.org>
jgarcia = jgarcia <jgarcia@opendap.org>
jimg = James Gallagher <jgallagher@opendap.org>
joew = joew <joew@opendap.org>
kwoklin = kwoklin <kwoklin@opendap.org>
mao = mao <mao@opendap.org>
mjohnson = mjohnson <mjohnson@opendap.org>
mlandsfeld = mlandsfeld <mlandsfeld@opendap.org>
msheremet = msheremet <msheremet@opendap.org>
muqun = muqun <muqun@opendap.org>
ndp = ndp <ndp@opendap.org>
ngodfrey = ngodfrey <ngodfrey@opendap.org>
paul = paul <paul@opendap.org>
pete = pete <pete@opendap.org>
pwest = pwest <pwest@opendap.org>
rduncan = rduncan <rduncan@opendap.org>
reza = reza <reza@opendap.org>
rich = rich <rich@opendap.org>
rmorris = rmorris <rmorris@opendap.org>
root = root <root@opendap.org>
schneide = schneide <schneide@opendap.org>
smoe = smoe <smoe@opendap.org>
szednik = szednik <szednik@opendap.org>
tom = tom <tom@opendap.org>
tomfool = tomfool <tomfool@opendap.org>
tomss = tomss <tomss@opendap.org>
valerie = valerie <valerie@opendap.org>
warmerda = warmerda <warmerda@opendap.org>
webmaster = webmaster <webmaster@opendap.org>
xin = xin <xin@opendap.org>
yuan = yuan <yuan@opendap.org>
